title,legal_name,slug,short_description,full_description,type,brand,brands,is_official_dealer,country,city,district,address,phone,whatsapp,email,website,instagram,working_hours,latitude,longitude,source_name,source_url,source_checked_at,data_verified,data_status,status,notes
Hyundai Kuldzhinka,,hyundai-kuldzhinka-almaty,Официальный дилер Hyundai в Алматы,Официальный дилерский центр Hyundai в Алматы данные с официального сайта Hyundai Kazakhstan,official_dealer,Hyundai,Hyundai,true,Kazakhstan,Алматы,,г Алматы Кульджинский тракт 100/1,+7 (702) 881 1111,,,https://hyundai.kz/ru/contacts/,,09:00-21:00,,,Hyundai Kazakhstan,https://hyundai.kz/ru/contacts/,2026-05-06,true,verified,published,
Hyundai Astana,,hyundai-astana,Официальный дилер Hyundai в Астане,Официальный дилерский центр Hyundai в Астане данные с официального сайта Hyundai Kazakhstan,official_dealer,Hyundai,Hyundai,true,Kazakhstan,Астана,,г Астана проспект Шакарима Кудайбердыулы 6/1,+7 7172 27 04 04,,,https://hyundai.kz/ru/contacts/,,09:00-20:00,,,Hyundai Kazakhstan,https://hyundai.kz/ru/contacts/,2026-05-06,true,verified,published,
Hyundai Shymkent,,hyundai-shymkent,Официальный дилер Hyundai в Шымкенте,Официальный дилерский центр Hyundai в Шымкенте данные с официального сайта Hyundai Kazakhstan,official_dealer,Hyundai,Hyundai,true,Kazakhstan,Шымкент,,г Шымкент Темирлановское шоссе 90А,+7 7252 600 001,,,https://hyundai.kz/ru/contacts/,,09:00-20:00,,,Hyundai Kazakhstan,https://hyundai.kz/ru/contacts/,2026-05-06,true,verified,published,
Hyundai Karaganda,,hyundai-karaganda,Официальный дилер Hyundai в Караганде,Официальный дилерский центр Hyundai в Караганде данные с официального сайта Hyundai Kazakhstan,official_dealer,Hyundai,Hyundai,true,Kazakhstan,Караганда,,г Караганда улица Камская 91/12,+7 (775) 096 72 62,,,https://hyundai.kz/ru/contacts/,,09:00-20:00,,,Hyundai Kazakhstan,https://hyundai.kz/ru/contacts/,2026-05-06,true,verified,published,
Hyundai Kostanai,,hyundai-kostanai,Официальный дилер Hyundai в Костанае,Официальный дилерский центр Hyundai в Костанае данные с официального сайта Hyundai Kazakhstan,official_dealer,Hyundai,Hyundai,true,Kazakhstan,Костанай,,г Костанай улица С Баймагамбетова 147/3,+7 714 299 02 99,,,https://hyundai.kz/ru/contacts/,,09:00-20:00,,,Hyundai Kazakhstan,https://hyundai.kz/ru/contacts/,2026-05-06,true,verified,published,
Hyundai Aktobe,,hyundai-aktobe,Официальный дилер Hyundai в Актобе,Официальный дилерский центр Hyundai в Актобе данные с официального сайта Hyundai Kazakhstan,official_dealer,Hyundai,Hyundai,true,Kazakhstan,Актобе,,г Актобе проспект Санкибай батыра 26/7,+7 7132 948 888,,,https://hyundai.kz/ru/contacts/,,08:00-19:00,,,Hyundai Kazakhstan,https://hyundai.kz/ru/contacts/,2026-05-06,true,verified,published,
Hyundai Pavlodar,,hyundai-pavlodar,Официальный дилер Hyundai в Павлодаре,Официальный дилерский центр Hyundai в Павлодаре данные с официального сайта Hyundai Kazakhstan,official_dealer,Hyundai,Hyundai,true,Kazakhstan,Павлодар,,г Павлодар Промышленная зона Центральная 151/1,+7 775 097 06 20,,,https://hyundai.kz/ru/contacts/,,09:00-20:00,,,Hyundai Kazakhstan,https://hyundai.kz/ru/contacts/,2026-05-06,true,verified,published,
Hyundai Premium Oskemen,,hyundai-premium-oskemen,Официальный дилер Hyundai в Усть-Каменогорске,Официальный дилерский центр Hyundai в Усть-Каменогорске данные с официального сайта Hyundai Kazakhstan,official_dealer,Hyundai,Hyundai,true,Kazakhstan,Усть-Каменогорск,,г Усть-Каменогорск проспект К Сатпаева 62/3,+7 771 086 52 24,,,https://hyundai.kz/ru/contacts/,,08:30-19:30,,,Hyundai Kazakhstan,https://hyundai.kz/ru/contacts/,2026-05-06,true,verified,published,Указан контакт сервисного отдела на странице дилера
Hyundai Atyrau,,hyundai-atyrau,Официальный дилер Hyundai в Атырау,Официальный дилерский центр Hyundai в Атырау данные с официального сайта Hyundai Kazakhstan,official_dealer,Hyundai,Hyundai,true,Kazakhstan,Атырау,,г Атырау проспект Абулхаир хана 67,+7 771 311 03 41,,,https://hyundai.kz/ru/contacts/,,09:00-20:00,,,Hyundai Kazakhstan,https://hyundai.kz/ru/contacts/,2026-05-06,true,verified,published,
Hyundai Aktau,,hyundai-aktau,Официальный дилер Hyundai в Актау,Официальный дилерский центр Hyundai в Актау данные с официального сайта Hyundai Kazakhstan,official_dealer,Hyundai,Hyundai,true,Kazakhstan,Актау,,г Актау Промзона 9 здание 60,+7 701 091 68 12,,,https://hyundai.kz/ru/contacts/,,09:00-20:00,,,Hyundai Kazakhstan,https://hyundai.kz/ru/contacts/,2026-05-06,true,verified,published,
Hyundai Kokshetau,,hyundai-kokshetau,Официальный дилер Hyundai в Кокшетау,Официальный дилерский центр Hyundai в Кокшетау данные с официального сайта Hyundai Kazakhstan,official_dealer,Hyundai,Hyundai,true,Kazakhstan,Кокшетау,,г Кокшетау улица Ш Уалиханова 197/8,+7 775 007 77 71,,,https://hyundai.kz/ru/contacts/,,09:00-20:00,,,Hyundai Kazakhstan,https://hyundai.kz/ru/contacts/,2026-05-06,true,verified,published,
Hyundai Taraz,,hyundai-taraz,Официальный дилер Hyundai в Таразе,Официальный дилерский центр Hyundai в Таразе данные с официального сайта Hyundai Kazakhstan,official_dealer,Hyundai,Hyundai,true,Kazakhstan,Тараз,,г Тараз улица Тауке Хана 35В,+7 (726) 293 44 44,,,https://hyundai.kz/ru/contacts/,,09:00-20:00,,,Hyundai Kazakhstan,https://hyundai.kz/ru/contacts/,2026-05-06,true,verified,published,
Hyundai Kyzylorda,,hyundai-kyzylorda,Официальный дилер Hyundai в Кызылорде,Официальный дилерский центр Hyundai в Кызылорде данные с официального сайта Hyundai Kazakhstan,official_dealer,Hyundai,Hyundai,true,Kazakhstan,Кызылорда,,г Кызылорда улица Султан Бейбарыс 9А,+7 7242 400 957,,,https://hyundai.kz/ru/contacts/,,09:00-20:00,,,Hyundai Kazakhstan,https://hyundai.kz/ru/contacts/,2026-05-06,true,verified,published,
Hyundai Zhayik,,hyundai-zhayik-uralsk,Официальный дилер Hyundai в Уральске,Официальный дилерский центр Hyundai в Уральске данные с официального сайта Hyundai Kazakhstan,official_dealer,Hyundai,Hyundai,true,Kazakhstan,Уральск,,г Уральск улица Жамбыла 253В,+7 7112 242 002,,,https://hyundai.kz/ru/contacts/,,09:00-20:00,,,Hyundai Kazakhstan,https://hyundai.kz/ru/contacts/,2026-05-06,true,verified,published,
Hyundai Petropavlovsk,,hyundai-petropavlovsk,Официальный дилер Hyundai в Петропавловске,Официальный дилерский центр Hyundai в Петропавловске данные с официального сайта Hyundai Kazakhstan,official_dealer,Hyundai,Hyundai,true,Kazakhstan,Петропавловск,,г Петропавловск улица Евнея Букетова 54Б,+7 700 333 55 51,,,https://hyundai.kz/ru/contacts/,,09:00-20:00,,,Hyundai Kazakhstan,https://hyundai.kz/ru/contacts/,2026-05-06,true,verified,published,
Toyota Service Kyzylorda,,toyota-service-kyzylorda,Сервисный центр Toyota в Кызылорде,Официальный сервисный центр Toyota в Кызылорде данные с официального сайта Toyota Kazakhstan,service,Toyota,Toyota,true,Kazakhstan,Кызылорда,,г Кызылорда проспект Астана 105,+7 7242 40 07 77,,info@toyota-service-kyzylorda.kz,https://toyotakz.com/contact/dealers/list,,,,,Toyota Kazakhstan,https://toyotakz.com/contact/dealers/list,2026-05-06,true,verified,published,
Toyota Service Taraz,,toyota-service-taraz,Сервисный центр Toyota в Таразе,Официальный сервисный центр Toyota в Таразе данные с официального сайта Toyota Kazakhstan,service,Toyota,Toyota,true,Kazakhstan,Тараз,,г Тараз улица Тауке хан 24/2,+7 7262 51 52 52,,info@toyota-service-taraz.kz,https://toyotakz.com/contact/dealers/list,,,,,Toyota Kazakhstan,https://toyotakz.com/contact/dealers/list,2026-05-06,true,verified,published,
Aster Астана,,aster-astana-used,Автосалон с пробегом Aster в Астане,Площадка Aster для автомобилей с пробегом адрес и график с официальной страницы Aster,used,,,false,Kazakhstan,Астана,,г Астана проспект Туран 53,,,,https://aster.kz/contacts,,09:00-21:00,,,Aster Kazakhstan,https://aster.kz/contacts,2026-05-06,true,verified,published,На странице контактов нет отдельного телефона филиала
Aster Алматы Апорт,,aster-almaty-aport,Автосалон Aster в Алматы,Автосалон Aster в Алматы адрес и график с официальной страницы Aster,dealership,,,false,Kazakhstan,Алматы,,г Алматы микрорайон Шугыла 317/1,,,,https://aster.kz/contacts,,09:00-21:00,,,Aster Kazakhstan,https://aster.kz/contacts,2026-05-06,true,verified,published,На странице контактов нет отдельного телефона филиала
PITSTOP,,pitstop-almaty-shop,Магазин автозапчастей PITSTOP в Алматы,Розничный автомагазин и подбор запчастей контакты с публичной страницы компании,shop,,,false,Kazakhstan,Алматы,,г Алматы улица Жарокова 39,+7 727 317 35 37,+7 701 997 72 22,,https://pitstopp.kz/?page_id=61,,10:00-19:00,,,PITSTOP,https://pitstopp.kz/?page_id=61,2026-05-06,true,verified,published,
Emex,,emex-astana-parts,Интернет магазин автозапчастей Emex в Астане,Карточка магазина Emex из публичного справочника требуется ручная проверка,parts,,,false,Kazakhstan,Астана,,,,,,https://emex.ru,,,,,2GIS,https://2gis.kz/astana/firm/70000001052298116,2026-05-06,false,needs_review,published,Ограниченный набор данных из справочника
Volkswagen Centre Astana Service,,volkswagen-centre-astana-service,Официальный сервис Volkswagen в Астане,Официальный сервисный центр Volkswagen по данным официальной страницы сервиса,service,Volkswagen,Volkswagen,true,Kazakhstan,Астана,,г Астана улица Кенесары 79/1,+7 (7172) 47 26 66,,,http://volkswagen-astana.kz,,,,,Volkswagen Kazakhstan,https://www.volkswagen.kz/ru/service/service-contact.html,2026-05-06,true,verified,published,
Chery Al-Farabi Алматы,,chery-alfarabi-almaty,Официальный дилер Chery в Алматы,Официальный дилерский центр Chery Al-Farabi в Алматы данные с официального сайта Chery Kazakhstan,official_dealer,Chery,Chery,true,Kazakhstan,Алматы,,г Алматы ул Аскара Кунаева 12/1,+7 (771) 944 47 00,,reception@chery-alfarabi.kz,https://chery-alfarabi.kz/,,09:00-20:00,,,Chery Kazakhstan,https://chery.kz/ru/contacts/,2026-05-06,true,verified,published,
Chery Almaty Райымбек,,chery-almaty-raymbek,Официальный дилер Chery в Алматы,Официальный дилерский центр Chery на проспекте Райымбека в Алматы данные с официального сайта Chery Kazakhstan,official_dealer,Chery,Chery,true,Kazakhstan,Алматы,,г Алматы проспект Райымбека 115/23,+7 (701) 000 50 05,,info_almaty@cherymotors.kz,https://chery-almaty.kz/,,09:00-20:00,,,Chery Kazakhstan,https://chery.kz/ru/contacts/,2026-05-06,true,verified,published,
Chery Kuldzhinka Алматы,,chery-kuldzhinka-almaty,Официальный дилер Chery в Алматы,Официальный дилерский центр Chery на Кульджинском тракте в Алматы данные с официального сайта Chery Kazakhstan,official_dealer,Chery,Chery,true,Kazakhstan,Алматы,,г Алматы Кульджинский тракт 100/1,+7 (702) 881 11 11,,reception.chery@mycar.kz,https://chery-kuldzhinka.kz/,,09:00-21:00,,,Chery Kazakhstan,https://chery.kz/ru/contacts/,2026-05-06,true,verified,published,
Chery Astana Туран,,chery-astana-turan,Официальный дилер Chery в Астане,Официальный дилерский центр Chery на проспекте Туран в Астане данные с официального сайта Chery Kazakhstan,official_dealer,Chery,Chery,true,Kazakhstan,Астана,,г Астана пр Туран 63,+7 (7172) 95 55 59,,Ast-cma.atz@cherymotors.kz,https://astana.chery.kz,,09:00-20:00,,,Chery Kazakhstan,https://chery.kz/ru/contacts/,2026-05-06,true,verified,published,
Chery Crystal Astana,,chery-crystal-astana,Официальный дилер Chery в Астане,Официальный дилерский центр Chery Crystal на правом берегу Астаны данные с официального сайта Chery Kazakhstan,official_dealer,Chery,Chery,true,Kazakhstan,Астана,,г Астана ул Таха Хусейна 5,+7 (702) 888 12 21,,chery@crystal-auto.kz,https://chery-crystal-astana.kz,,09:00-20:00,,,Chery Kazakhstan,https://chery.kz/ru/contacts/,2026-05-06,true,verified,published,
Chery Luxcar Шымкент,,chery-luxcar-shymkent,Официальный дилер Chery в Шымкенте,Официальный дилерский центр Chery Luxcar в Шымкенте данные с официального сайта Chery Kazakhstan,official_dealer,Chery,Chery,true,Kazakhstan,Шымкент,,г Шымкент проспект Тауке хана 330/2,+7 (701) 111 75 75,,Callcenter@nomadcar.kz,https://chery-luxcar.kz/,,09:00-20:00,,,Chery Kazakhstan,https://chery.kz/ru/contacts/,2026-05-06,true,verified,published,
Chery Шымкент,,chery-shymkent,Официальный дилер Chery в Шымкенте,Официальный дилерский центр Chery в Шымкенте данные с официального сайта Chery Kazakhstan,official_dealer,Chery,Chery,true,Kazakhstan,Шымкент,,г Шымкент Темирлановская трасса 177а,+7 (747) 503 03 03,,info@chery-crystal.kz,https://chery-crystal.kz,,09:00-20:00,,,Chery Kazakhstan,https://chery.kz/ru/contacts/,2026-05-06,true,verified,published,
Chery Костанай,,chery-kostanay,Официальный дилер Chery в Костанае,Официальный дилерский центр Chery в Костанае данные с официального сайта Chery Kazakhstan,official_dealer,Chery,Chery,true,Kazakhstan,Костанай,,г Костанай пр Абая 66,+7 (7142) 93 13 50,,info@tarlan-auto.kz,https://chery-kostanay.kz/,,09:00-18:30,,,Chery Kazakhstan,https://chery.kz/ru/contacts/,2026-05-06,true,verified,published,
Chery Актобе,,chery-aktobe,Официальный дилер Chery в Актобе,Официальный дилерский центр Chery в Актобе данные с официального сайта Chery Kazakhstan,official_dealer,Chery,Chery,true,Kazakhstan,Актобе,,г Актобе ул Пацаева 90,+7 (771) 025 05 55,,info@chery-aktobe.kz,https://chery-aktobe.kz/,,09:00-20:00,,,Chery Kazakhstan,https://chery.kz/ru/contacts/,2026-05-06,true,verified,published,
Chery Уральск,,chery-uralsk,Официальный дилер Chery в Уральске,Официальный дилерский центр Chery в Уральске данные с официального сайта Chery Kazakhstan,official_dealer,Chery,Chery,true,Kazakhstan,Уральск,,г Уральск ул Жамбыла 253,+7 (771) 014 88 88,,info@chery-uralsk.kz,https://chery-uralsk.kz/,,09:00-19:00,,,Chery Kazakhstan,https://chery.kz/ru/contacts/,2026-05-06,true,verified,published,
Chery Усть-Каменогорск,,chery-oskemen,Официальный дилер Chery в Усть-Каменогорске,Официальный дилерский центр Chery в Усть-Каменогорске данные с официального сайта Chery Kazakhstan,official_dealer,Chery,Chery,true,Kazakhstan,Усть-Каменогорск,,г Усть-Каменогорск проспект Каныша Сатпаева 84,+7 (771) 051 55 55,,info@chery-oskemen.kz,https://chery-oskemen.kz/,,09:00-20:00,,,Chery Kazakhstan,https://chery.kz/ru/contacts/,2026-05-06,true,verified,published,
Chery Караганда,,chery-karaganda,Официальный дилер Chery в Караганде,Официальный дилерский центр Chery в Караганде данные с официального сайта Chery Kazakhstan,official_dealer,Chery,Chery,true,Kazakhstan,Караганда,,г Караганда ул Сарыарка 37/12,+7 (771) 015 22 21,,info@chery-karaganda.kz,https://chery-karaganda.kz/,,09:00-19:00,,,Chery Kazakhstan,https://chery.kz/ru/contacts/,2026-05-06,true,verified,published,
Chery Павлодар,,chery-pavlodar,Официальный дилер Chery в Павлодаре,Официальный дилерский центр Chery в Павлодаре данные с официального сайта Chery Kazakhstan,official_dealer,Chery,Chery,true,Kazakhstan,Павлодар,,г Павлодар ул Малайсары батыра 7,+7 (705) 164 82 00,,atz@chery-pavlodar.kz,https://chery-pavlodar.kz/,,09:00-19:00,,,Chery Kazakhstan,https://chery.kz/ru/contacts/,2026-05-06,true,verified,published,
Chery Тараз,,chery-taraz,Официальный дилер Chery в Таразе,Официальный дилерский центр Chery в Таразе данные с официального сайта Chery Kazakhstan,official_dealer,Chery,Chery,true,Kazakhstan,Тараз,,г Тараз ул Тауке Хана 24/2,+7 (7262) 51 08 08,,Callcenter@nomadcar.kz,https://chery-taraz.kz/,,09:00-20:00,,,Chery Kazakhstan,https://chery.kz/ru/contacts/,2026-05-06,true,verified,published,
Chery Кокшетау,,chery-kokshetau,Официальный дилер Chery в Кокшетау,Официальный дилерский центр Chery в Кокшетау данные с официального сайта Chery Kazakhstan,official_dealer,Chery,Chery,true,Kazakhstan,Кокшетау,,г Кокшетау ул Ташенова 107/1,+7 (771) 180 44 66,,info@chery-kokshetau.kz,https://chery-kokshetau.kz/,,09:00-19:00,,,Chery Kazakhstan,https://chery.kz/ru/contacts/,2026-05-06,true,verified,published,
Chery Актау,,chery-aktau,Официальный дилер Chery в Актау,Официальный дилерский центр Chery в Актау данные с официального сайта Chery Kazakhstan,official_dealer,Chery,Chery,true,Kazakhstan,Актау,,г Актау Промышленная зона 9 здание 60,+7 (701) 364 06 91,,info@chery-aktau.kz,https://chery-aktau.kz,,09:00-20:00,,,Chery Kazakhstan,https://chery.kz/ru/contacts/,2026-05-06,true,verified,published,
Chery Кызылорда,,chery-kyzylorda,Официальный дилер Chery в Кызылорде,Официальный дилерский центр Chery в Кызылорде данные с официального сайта Chery Kazakhstan,official_dealer,Chery,Chery,true,Kazakhstan,Кызылорда,,г Кызылорда проспект Н Назарбаева 28,+7 (7242) 40-40-04,,call-center@turanauto-kz.kz,https://chery-kyzylorda.kz/,,09:00-19:00,,,Chery Kazakhstan,https://chery.kz/ru/contacts/,2026-05-06,true,verified,published,
Haval Motor Алматы,,haval-motor-almaty,Официальный дилер Haval в Алматы,Официальный дилерский центр Haval Motor в Алматы данные с официального сайта Haval Kazakhstan,official_dealer,Haval,Haval,true,Kazakhstan,Алматы,,г Алматы Аль-Фараби Розыбакиева,+7 (771) 944-44-04,,haval.reception@haval-alfarabi.kz,https://haval-al-farabi.kz/,,09:00-20:00,,,Haval Kazakhstan,https://haval-motor.kz/ru/contacts/,2026-05-06,true,verified,published,
Haval Алматы Райымбек,,haval-almaty-raymbek,Официальный дилер Haval в Алматы,Официальный дилерский центр Haval на проспекте Райымбека в Алматы данные с официального сайта Haval Kazakhstan,official_dealer,Haval,Haval,true,Kazakhstan,Алматы,,г Алматы проспект Райымбека 548/2,+7 (727) 240-40-40,,callcenter@nomadcar.kz,https://haval-qalqaman.kz/,,09:00-20:00,,,Haval Kazakhstan,https://haval-motor.kz/ru/contacts/,2026-05-06,true,verified,published,
Haval Алматы Желтоксан,,haval-almaty-zheltoksan,Официальный дилер Haval в Алматы,Официальный дилерский центр Haval на ул Желтоксан в Алматы данные с официального сайта Haval Kazakhstan,official_dealer,Haval,Haval,true,Kazakhstan,Алматы,,г Алматы ул Желтоксан 15а,+7 (700) 150 22 60,,Haval.adm@virazh.kz,https://haval-almaty.kz,,09:00-20:00,,,Haval Kazakhstan,https://haval-motor.kz/ru/contacts/,2026-05-06,true,verified,published,
Haval Kuldzhinka Алматы,,haval-kuldzhinka-almaty,Официальный дилер Haval в Алматы,Официальный дилерский центр Haval на Кульджинском тракте в Алматы данные с официального сайта Haval Kazakhstan,official_dealer,Haval,Haval,true,Kazakhstan,Алматы,,г Алматы Кульджинский тракт 100/1,+7 (702) 881 11 11,,m.reseptionhaval@mycar.kz,https://haval-kuldzhinka.kz,,09:00-21:00,,,Haval Kazakhstan,https://haval-motor.kz/ru/contacts/,2026-05-06,true,verified,published,
Haval Алматы Тюлькубас,,haval-almaty-tulkybas,Официальный дилер Haval в Алматы,Официальный дилерский центр Haval на ул Тюлькубасская в Алматы данные с официального сайта Haval Kazakhstan,official_dealer,Haval,Haval,true,Kazakhstan,Алматы,,г Алматы ул Тюлькубасская 2,+7 (700) 404 00 74,,reception@haval-suyunbay.kz,https://haval-suyunbay.kz,,09:00-20:00,,,Haval Kazakhstan,https://haval-motor.kz/ru/contacts/,2026-05-06,true,verified,published,
Haval Astana Нурлыжол,,haval-astana-nurlyzhol,Официальный дилер Haval в Астане,Официальный дилерский центр Haval на ул Жургенова в Астане данные с официального сайта Haval Kazakhstan,official_dealer,Haval,Haval,true,Kazakhstan,Астана,,г Астана ул Жургенова 22,+7 (771) 944 45 52,,Atz@haval-nurlyzhol.kz,https://haval.nurlyzhol.kz/,,09:00-20:00,,,Haval Kazakhstan,https://haval-motor.kz/ru/contacts/,2026-05-06,true,verified,published,
Haval Astana Mycar,,haval-astana-mycar,Официальный дилер Haval в Астане,Официальный дилерский центр Haval Mycar в Астане данные с официального сайта Haval Kazakhstan,official_dealer,Haval,Haval,true,Kazakhstan,Астана,,г Астана пр Кабанбай батыра 41,+7 (771) 949 99 00,,astana@mycar.kz,https://haval.mycarastana.kz/,,10:00-21:00,,,Haval Kazakhstan,https://haval-motor.kz/ru/contacts/,2026-05-06,true,verified,published,
Haval Astana Crystal,,haval-astana-crystal,Официальный дилер Haval в Астане,Официальный дилерский центр Haval Crystal в Астане данные с официального сайта Haval Kazakhstan,official_dealer,Haval,Haval,true,Kazakhstan,Астана,,г Астана проспект Туран 93,+7 (778) 870-12-21,,infonursultan@crystal-auto.kz,https://haval-crystal-ast.kz/,,09:00-20:00,,,Haval Kazakhstan,https://haval-motor.kz/ru/contacts/,2026-05-06,true,verified,published,
Haval Luxcar Шымкент,,haval-luxcar-shymkent,Официальный дилер Haval в Шымкенте,Официальный дилерский центр Haval Luxcar в Шымкенте данные с официального сайта Haval Kazakhstan,official_dealer,Haval,Haval,true,Kazakhstan,Шымкент,,г Шымкент проспект Тауке хана 330/2,+7 (701) 155-77-77,,callcenter@nomadcar.kz,https://haval-luxcar.kz,,09:00-20:00,,,Haval Kazakhstan,https://haval-motor.kz/ru/contacts/,2026-05-06,true,verified,published,
Haval Premium Шымкент,,haval-premium-shymkent,Официальный дилер Haval в Шымкенте,Официальный дилерский центр Haval Premium в Шымкенте данные с официального сайта Haval Kazakhstan,official_dealer,Haval,Haval,true,Kazakhstan,Шымкент,,г Шымкент Тамерлановское шоссе 90,+7 (7252) 39-45-45,,callcenter@nomadcar.kz,https://haval-premium-shymkent.kz,,09:00-19:00,,,Haval Kazakhstan,https://haval-motor.kz/ru/contacts/,2026-05-06,true,verified,published,
BYD Almaty Аль-Фараби,,byd-alfarabi-almaty,Официальный дилер BYD в Алматы,Официальный дилерский центр BYD на Аль-Фараби в Алматы данные с официального сайта BYD Kazakhstan,official_dealer,BYD,BYD,true,Kazakhstan,Алматы,,г Алматы ул Казыбек Тауасарулы 3/3,+7 (771) 933 31 13,,info@byd-alfarabi.kz,https://byd-alfarabi.kz/ru/,,09:00-20:00,,,BYD Kazakhstan,https://byd-auto.kz/ru/contacts/,2026-05-06,true,verified,published,
BYD Kuldzhinka Алматы,,byd-kuldzhinka-almaty,Официальный дилер BYD в Алматы,Официальный дилерский центр BYD на Кульджинском тракте в Алматы данные с официального сайта BYD Kazakhstan,official_dealer,BYD,BYD,true,Kazakhstan,Алматы,,г Алматы Кульджинский тракт 100/1,+7 (702) 881 11 11,,m.receptionBYD@mycar.kz,https://byd-kuldzhinka.kz/,,09:00-21:00,,,BYD Kazakhstan,https://byd-auto.kz/ru/contacts/,2026-05-06,true,verified,published,
BYD Алматы Райымбек,,byd-almaty-raymbek,Официальный дилер BYD в Алматы,Официальный дилерский центр BYD на проспекте Райымбека в Алматы данные с официального сайта BYD Kazakhstan,official_dealer,BYD,BYD,true,Kazakhstan,Алматы,,г Алматы пр Райымбека 115/23,+7 (771) 944 45 04,,Atz.amt@mycar.kz,https://byd-raiymbek.kz/,,09:00-20:00,,,BYD Kazakhstan,https://byd-auto.kz/ru/contacts/,2026-05-06,true,verified,published,
BYD Astana Туран,,byd-astana-turan,Официальный дилер BYD в Астане,Официальный дилерский центр BYD на проспекте Туран в Астане данные с официального сайта BYD Kazakhstan,official_dealer,BYD,BYD,true,Kazakhstan,Астана,,г Астана пр Туран 63а,+7 (701) 395 55 50,,byd@byd-turan.kz,https://byd-turan.kz/,,09:00-20:00,,,BYD Kazakhstan,https://byd-auto.kz/ru/contacts/,2026-05-06,true,verified,published,
BYD Astana Mycar,,byd-astana-mycar,Официальный дилер BYD в Астане,Официальный дилерский центр BYD Mycar в Астане данные с официального сайта BYD Kazakhstan,official_dealer,BYD,BYD,true,Kazakhstan,Астана,,г Астана пр Кабанбай Батыра 41,+7 (771) 944 47 27,,astana@mycar.kz,https://byd.mycarastana.kz/,,10:00-21:00,,,BYD Kazakhstan,https://byd-auto.kz/ru/contacts/,2026-05-06,true,verified,published,
BYD Актау,,byd-aktau,Официальный дилер BYD в Актау,Официальный дилерский центр BYD в Актау данные с официального сайта BYD Kazakhstan,official_dealer,BYD,BYD,true,Kazakhstan,Актау,,г Актау промзона 9 здание 60/3,+7 (702) 943 27 27,,info@byd-aktau.kz,https://byd-aktau.kz/ru/,,09:00-20:00,,,BYD Kazakhstan,https://byd-auto.kz/ru/contacts/,2026-05-06,true,verified,published,
BYD Актобе,,byd-aktobe,Официальный дилер BYD в Актобе,Официальный дилерский центр BYD в Актобе данные с официального сайта BYD Kazakhstan,official_dealer,BYD,BYD,true,Kazakhstan,Актобе,,г Актобе Проспект Санкибай батыра 171г,+7 (7132) 94 89 48,,info.byd@kolauto.kz,https://byd-kolauto.kz,,08:30-18:00,,,BYD Kazakhstan,https://byd-auto.kz/ru/contacts/,2026-05-06,true,verified,published,
BYD Караганда,,byd-karaganda,Официальный дилер BYD в Караганде,Официальный дилерский центр BYD в Караганде данные с официального сайта BYD Kazakhstan,official_dealer,BYD,BYD,true,Kazakhstan,Караганда,,г Караганда улица Сарыарка 37/6,+7 (771) 015 5574,,info@byd-autocity.kz,https://byd-autocity.kz/ru/,,09:00-19:00,,,BYD Kazakhstan,https://byd-auto.kz/ru/contacts/,2026-05-06,true,verified,published,
BYD Костанай,,byd-kostanay,Официальный дилер BYD в Костанае,Официальный дилерский центр BYD в Костанае данные с официального сайта BYD Kazakhstan,official_dealer,BYD,BYD,true,Kazakhstan,Костанай,,г Костанай пр Абая 66,+7 (7142) 93 13 70,,resender@tarlan-auto.kz,https://byd-kostanay.kz,,09:00-18:30,,,BYD Kazakhstan,https://byd-auto.kz/ru/contacts/,2026-05-06,true,verified,published,
BYD Павлодар,,byd-pavlodar,Официальный дилер BYD в Павлодаре,Официальный дилерский центр BYD в Павлодаре данные с официального сайта BYD Kazakhstan,official_dealer,BYD,BYD,true,Kazakhstan,Павлодар,,г Павлодар Восточный промрайон 143,+7 (708) 088 14 14,,info.byd@apexauto.kz,https://byd-apexauto.kz/ru/,,09:00-20:00,,,BYD Kazakhstan,https://byd-auto.kz/ru/contacts/,2026-05-06,true,verified,published,
BYD Тараз,,byd-taraz,Официальный дилер BYD в Таразе,Официальный дилерский центр BYD в Таразе данные с официального сайта BYD Kazakhstan,official_dealer,BYD,BYD,true,Kazakhstan,Тараз,,г Тараз р-н Әулиеата ул Ерденбека Ниеткалиева ст-е 100 Н,+7 (778) 300 50 05,,info@byd-taraz.kz,https://byd-taraz.kz,,09:00-20:00,,,BYD Kazakhstan,https://byd-auto.kz/ru/contacts/,2026-05-06,true,verified,published,
BYD Уральск,,byd-uralsk,Официальный дилер BYD в Уральске,Официальный дилерский центр BYD в Уральске данные с официального сайта BYD Kazakhstan,official_dealer,BYD,BYD,true,Kazakhstan,Уральск,,г Уральск ул Ружейникова 16,+7 (771) 528 11 11,,info@byd-zhayik.kz,https://byd-zhayik.kz,,09:00-18:00,,,BYD Kazakhstan,https://byd-auto.kz/ru/contacts/,2026-05-06,true,verified,published,
BYD Усть-Каменогорск,,byd-oskemen,Официальный дилер BYD в Усть-Каменогорске,Официальный дилерский центр BYD в Усть-Каменогорске данные с официального сайта BYD Kazakhstan,official_dealer,BYD,BYD,true,Kazakhstan,Усть-Каменогорск,,г Усть-каменогорск пр К Сатпаева 45А,+7 (777) 205 33 33,,info@byd-oskemen.kz,https://byd-oskemen.kz,,09:00-20:00,,,BYD Kazakhstan,https://byd-auto.kz/ru/contacts/,2026-05-06,true,verified,published,
BYD Шымкент,,byd-shymkent,Официальный дилер BYD в Шымкенте,Официальный дилерский центр BYD в Шымкенте данные с официального сайта BYD Kazakhstan,official_dealer,BYD,BYD,true,Kazakhstan,Шымкент,,г Шымкент Тауке хана 330/2,+7 (701) 877 79 99,,callcenter@byd-luxcar.kz,https://byd-luxcar-shymkent.kz,,09:00-20:00,,,BYD Kazakhstan,https://byd-auto.kz/ru/contacts/,2026-05-06,true,verified,published,
BYD Шымкент Конаев,,byd-shymkent-konaev,Официальный дилер BYD в Шымкенте,Официальный дилерский центр BYD на проспекте Конаева в Шымкенте данные с официального сайта BYD Kazakhstan,official_dealer,BYD,BYD,true,Kazakhstan,Шымкент,,г Шымкент пр Байдибек би 100а/1,+7 (707) 953 53 53,,shym-byd-qonaev.atz@byd-auto.kz,https://byd-qonaev-shymkent.kz,,09:00-20:00,,,BYD Kazakhstan,https://byd-auto.kz/ru/contacts/,2026-05-06,true,verified,published,
BMW Бавария Алматы,,bmw-bavaria-almaty,Официальный дилер BMW в Алматы,Официальный дилерский центр Бавария Алматы данные с официального сайта BMW Kazakhstan,official_dealer,BMW,BMW,true,Kazakhstan,Алматы,,г Алматы пр Аль-Фараби 107,+7 (727) 333 19 05,,atz@bavaria.kz,https://bavaria-almaty.kz,,09:00-20:00,,,Bavaria Kazakhstan,https://bavaria.kz/ru/bmw/about/contacts/,2026-05-06,true,verified,published,
BMW Бавария Астана,,bmw-bavaria-astana,Официальный дилер BMW в Астане,Официальный дилерский центр Бавария Астана данные с официального сайта BMW Kazakhstan,official_dealer,BMW,BMW,true,Kazakhstan,Астана,,г Астана пр Аль-Фараби,+7 (7172) 576 161,,info.astana@bavaria.kz,https://bavaria-astana.kz,,09:00-20:00,,,Bavaria Kazakhstan,https://bavaria.kz/ru/bmw/about/contacts/,2026-05-06,true,verified,published,
BMW Бавария Восток,,bmw-bavaria-vostok,Официальный дилер BMW на Востоке Казахстана,Официальный дилерский центр Бавария Восток данные с официального сайта BMW Kazakhstan,official_dealer,BMW,BMW,true,Kazakhstan,Усть-Каменогорск,,г Усть-Каменогорск,+7 (771) 202 00 50,,info@bmw-east.kz,https://bavaria-east.kz,,09:00-20:00,,,Bavaria Kazakhstan,https://bavaria.kz/ru/bmw/about/contacts/,2026-05-06,true,verified,published,
BMW Бавария Запад,,bmw-bavaria-zapad,Официальный дилер BMW на Западе Казахстана,Официальный дилерский центр Бавария Запад в Уральске данные с официального сайта BMW Kazakhstan,official_dealer,BMW,BMW,true,Kazakhstan,Уральск,,г Уральск,+7 (771) 707 74 44,,info@bavaria-uralsk.kz,https://bavaria-uralsk.kz,,09:00-20:00,,,Bavaria Kazakhstan,https://bavaria.kz/ru/bmw/about/contacts/,2026-05-06,true,verified,published,
BMW Бавария Караганда,,bmw-bavaria-karaganda,Официальный дилер BMW в Караганде,Официальный дилерский центр Бавария Караганда данные с официального сайта BMW Kazakhstan,official_dealer,BMW,BMW,true,Kazakhstan,Караганда,,г Караганда,+7 (700) 450 43 43,,info@bavaria-karaganda.kz,https://bavaria-karaganda.kz/,,09:00-20:00,,,Bavaria Kazakhstan,https://bavaria.kz/ru/bmw/about/contacts/,2026-05-06,true,verified,published,
BMW Бавария Атырау,,bmw-bavaria-atyrau,Официальный дилер BMW в Атырау,Официальный дилерский центр Бавария Атырау данные с официального сайта BMW Kazakhstan,official_dealer,BMW,BMW,true,Kazakhstan,Атырау,,г Атырау,+7 (7122) 93-02-22,,info@bavaria-atyrau.kz,https://bavaria-atyrau.kz,,09:00-20:00,,,Bavaria Kazakhstan,https://bavaria.kz/ru/bmw/about/contacts/,2026-05-06,true,verified,published,
BMW Бавария Кульджинка,,bmw-bavaria-kuldzhinka,Официальный дилер BMW на Кульджинском тракте,Официальный дилерский центр Бавария Кульджинка данные с официального сайта BMW Kazakhstan,official_dealer,BMW,BMW,true,Kazakhstan,Алматы,,г Алматы Кульджинский тракт 100/1,+7 (702) 881 11 11,,reception.bmw@mycar.kz,https://bavaria-kuldzhinka.kz/,,09:00-20:00,,,Bavaria Kazakhstan,https://bavaria.kz/ru/bmw/about/contacts/,2026-05-06,true,verified,published,
BMW Бавария Костанай,,bmw-bavaria-kostanay,Официальный дилер BMW в Костанае,Официальный дилерский центр Бавария Костанай данные с официального сайта BMW Kazakhstan,official_dealer,BMW,BMW,true,Kazakhstan,Костанай,,г Костанай,+7 (771) 089 42 41,,info.bmw@autodomkst.kz,https://bavaria-kostanay.kz,,09:00-20:00,,,Bavaria Kazakhstan,https://bavaria.kz/ru/bmw/about/contacts/,2026-05-06,true,verified,published,
BMW Бавария Павлодар,,bmw-bavaria-pavlodar,Официальный дилер BMW в Павлодаре,Официальный дилерский центр Бавария Павлодар данные с официального сайта BMW Kazakhstan,official_dealer,BMW,BMW,true,Kazakhstan,Павлодар,,г Павлодар,+7 (705) 38-48-555,,info@bavaria-pavlodar.kz,https://bavaria-pavlodar.kz,,09:00-20:00,,,Bavaria Kazakhstan,https://bavaria.kz/ru/bmw/about/contacts/,2026-05-06,true,verified,published,
Lexus Актобе,,lexus-aktobe,Официальный дилер Lexus в Актобе,Официальный дилерский центр Lexus в Актобе данные с официального сайта Lexus Kazakhstan,official_dealer,Lexus,Lexus,true,Kazakhstan,Актобе,,г Актобе проспект Санкибай батыра 72Г,+7 (7132) 74 15 15,,Info@lexusaktobe.kz,https://lexusaktobe.kz,,09:00-20:00,,,Lexus Kazakhstan,https://ru.lexuskz.com/contact/dealers/list,2026-05-06,true,verified,published,
Lexus Алматы,,lexus-almaty,Официальный дилер Lexus в Алматы,Официальный дилерский центр Lexus в Алматы данные с официального сайта Lexus Kazakhstan,official_dealer,Lexus,Lexus,true,Kazakhstan,Алматы,,г Алматы пр Аль-Фараби 140/4,+7 (727) 315 8315,,info@lexus-almaty.kz,https://lexus-almaty.kz/,,09:00-20:00,,,Lexus Kazakhstan,https://ru.lexuskz.com/contact/dealers/list,2026-05-06,true,verified,published,
Lexus Астана,,lexus-astana,Официальный дилер Lexus в Астане,Официальный дилерский центр Lexus в Астане данные с официального сайта Lexus Kazakhstan,official_dealer,Lexus,Lexus,true,Kazakhstan,Астана,,г Астана проспект Кабанбай батыра 37,+7 (778) 003 7474,,info@lexus-astana.kz,https://lexus-astana.kz/,,09:00-20:00,,,Lexus Kazakhstan,https://ru.lexuskz.com/contact/dealers/list,2026-05-06,true,verified,published,
Lexus Шымкент,,lexus-shymkent,Официальный дилер Lexus в Шымкенте,Официальный дилерский центр Lexus в Шымкенте данные с официального сайта Lexus Kazakhstan,official_dealer,Lexus,Lexus,true,Kazakhstan,Шымкент,,г Шымкент проспект Байдибек Би Земельный участок 132,+7 (7252) 55 52 52,,info@lexus-shymkent.kz,https://lexus-shymkent.kz,,09:00-20:00,,,Lexus Kazakhstan,https://ru.lexuskz.com/contact/dealers/list,2026-05-06,true,verified,published,
Lexus Актау,,lexus-aktau,Официальный дилер Lexus в Актау,Официальный дилерский центр Lexus в Актау данные с официального сайта Lexus Kazakhstan,official_dealer,Lexus,Lexus,true,Kazakhstan,Актау,,г Актау промышленная зона 9 здание 39,+7 (7292) 30 40 80,,info@lexus-aktau.kz,https://lexus-aktau.kz/,,09:00-20:00,,,Lexus Kazakhstan,https://ru.lexuskz.com/contact/dealers/list,2026-05-06,true,verified,published,
Lexus Костанай,,lexus-kostanay,Официальный дилер Lexus в Костанае,Официальный дилерский центр Lexus в Костанае данные с официального сайта Lexus Kazakhstan,official_dealer,Lexus,Lexus,true,Kazakhstan,Костанай,,г Костанай проспект Абая дом 26 В,+7 (7142) 39 04 04,,info@lexus-kostanay.kz,https://lexus-kostanay.kz/,,09:00-20:00,,,Lexus Kazakhstan,https://ru.lexuskz.com/contact/dealers/list,2026-05-06,true,verified,published,
Lexus Павлодар,,lexus-pavlodar,Официальный дилер Lexus в Павлодаре,Официальный дилерский центр Lexus в Павлодаре данные с официального сайта Lexus Kazakhstan,official_dealer,Lexus,Lexus,true,Kazakhstan,Павлодар,,г Павлодар проезд И 1/5,+7 (7182) 66 15 33,,info@lexus-pavlodar.kz,https://lexus-pavlodar.kz/,,09:00-20:00,,,Lexus Kazakhstan,https://ru.lexuskz.com/contact/dealers/list,2026-05-06,true,verified,published,
Lexus Атырау,,lexus-atyrau,Официальный дилер Lexus в Атырау,Официальный дилерский центр Lexus в Атырау данные с официального сайта Lexus Kazakhstan,official_dealer,Lexus,Lexus,true,Kazakhstan,Атырау,,г Атырау пр Абылхаир хана д 94,+7 (708) 030 3025,,info@toyota-atyrau.kz,https://www.lexus-atyrau.kz/,,09:00-20:00,,,Lexus Kazakhstan,https://ru.lexuskz.com/contact/dealers/list,2026-05-06,true,verified,published,
Lexus Сервис Караганда,,lexus-service-karaganda,Сервисный центр Lexus в Караганде,Официальный сервисный центр Lexus в Караганде данные с официального сайта Lexus Kazakhstan,service,Lexus,Lexus,true,Kazakhstan,Караганда,,г Караганда Октябрьский район учетный квартал 108 строение 305,+7 (775) 222 2328,,info@toyota-karaganda.kz,https://toyota-karaganda.kz,,09:00-20:00,,,Lexus Kazakhstan,https://ru.lexuskz.com/contact/dealers/list,2026-05-06,true,verified,published,
Lexus Уральск,,lexus-uralsk,Официальный дилер Lexus в Уральске,Официальный дилерский центр Lexus в Уральске данные с официального сайта Lexus Kazakhstan,official_dealer,Lexus,Lexus,true,Kazakhstan,Уральск,,г Уральск Проспект Абая 246/6,+7 (700) 442 7777,,info@lexus-uralsk.kz,https://lexus-uralsk.kz/,,09:00-20:00,,,Lexus Kazakhstan,https://ru.lexuskz.com/contact/dealers/list,2026-05-06,true,verified,published,
Kia Allur Mailina Алматы,,kia-allur-mailina-almaty,Официальный дилер Kia в Алматы,Официальный дилерский центр Kia Allur Mailina в Алматы данные с официального сайта Kia Kazakhstan,official_dealer,Kia,Kia,true,Kazakhstan,Алматы,,г Алматы,+7 5588,,,https://allurmailina.kia.com.kz,,09:00-20:00,,,Kia Kazakhstan,https://kia.com.kz/dealers/,2026-05-06,true,verified,published,
Kia Allur Suyunbaya Алматы,,kia-allur-suyunbaya-almaty,Официальный дилер Kia в Алматы,Официальный дилерский центр Kia Allur Suyunbaya в Алматы данные с официального сайта Kia Kazakhstan,official_dealer,Kia,Kia,true,Kazakhstan,Алматы,,г Алматы,+7 5588,,,https://allursuyunbaya.kia.com.kz,,09:00-20:00,,,Kia Kazakhstan,https://kia.com.kz/dealers/,2026-05-06,true,verified,published,
Kia Aster Алматы,,kia-aster-almaty,Официальный дилер Kia в Алматы,Официальный дилерский центр Kia Aster в Алматы данные с официального сайта Kia Kazakhstan,official_dealer,Kia,Kia,true,Kazakhstan,Алматы,,г Алматы,+7 (700) 836 90 72,,,https://asteralmaty.kia.com.kz,,09:00-20:00,,,Kia Kazakhstan,https://kia.com.kz/dealers/,2026-05-06,true,verified,published,
Kia Doscar Алматы,,kia-doscar-almaty,Официальный дилер Kia в Алматы,Официальный дилерский центр Kia Doscar в Алматы данные с официального сайта Kia Kazakhstan,official_dealer,Kia,Kia,true,Kazakhstan,Алматы,,г Алматы,+7 (727) 355 90 50,,,https://doscaralmaty.kia.com.kz,,09:00-20:00,,,Kia Kazakhstan,https://kia.com.kz/dealers/,2026-05-06,true,verified,published,
Kia Doscar Kuldzhinka,,kia-doscar-kuldzhinka,Официальный дилер Kia в Алматы,Официальный дилерский центр Kia Doscar Kuldzhinka в Алматы данные с официального сайта Kia Kazakhstan,official_dealer,Kia,Kia,true,Kazakhstan,Алматы,,г Алматы,+7 (727) 355 44 11,,,https://doscarkuldzhinka.kia.com.kz,,09:00-20:00,,,Kia Kazakhstan,https://kia.com.kz/dealers/,2026-05-06,true,verified,published,
Kia Allur Astana,,kia-allur-astana,Официальный дилер Kia в Астане,Официальный дилерский центр Kia Allur в Астане данные с официального сайта Kia Kazakhstan,official_dealer,Kia,Kia,true,Kazakhstan,Астана,,г Астана,+7 5588,,,https://allurastana.kia.com.kz,,09:00-20:00,,,Kia Kazakhstan,https://kia.com.kz/dealers/,2026-05-06,true,verified,published,
Kia Aster Astana,,kia-aster-astana,Официальный дилер Kia в Астане,Официальный дилерский центр Kia Aster в Астане данные с официального сайта Kia Kazakhstan,official_dealer,Kia,Kia,true,Kazakhstan,Астана,,г Астана,+7 (700) 836 91 32,,,https://asterastana.kia.com.kz,,09:00-20:00,,,Kia Kazakhstan,https://kia.com.kz/dealers/,2026-05-06,true,verified,published,
Kia Doscar Astana,,kia-doscar-astana,Официальный дилер Kia в Астане,Официальный дилерский центр Kia Doscar в Астане данные с официального сайта Kia Kazakhstan,official_dealer,Kia,Kia,true,Kazakhstan,Астана,,г Астана,+7 (7172) 47 66 88,,,https://doscarastana.kia.com.kz,,09:00-20:00,,,Kia Kazakhstan,https://kia.com.kz/dealers/,2026-05-06,true,verified,published,
Kia Terra Motors Astana,,kia-terra-astana,Официальный дилер Kia в Астане,Официальный дилерский центр Kia Terra Motors в Астане данные с официального сайта Kia Kazakhstan,official_dealer,Kia,Kia,true,Kazakhstan,Астана,,г Астана,+7 (7172) 476 999,,,https://terramotors.kia.com.kz,,09:00-20:00,,,Kia Kazakhstan,https://kia.com.kz/dealers/,2026-05-06,true,verified,published,
Kia Doscar Шымкент,,kia-doscar-shymkent,Официальный дилер Kia в Шымкенте,Официальный дилерский центр Kia Doscar в Шымкенте данные с официального сайта Kia Kazakhstan,official_dealer,Kia,Kia,true,Kazakhstan,Шымкент,,г Шымкент,+7 (7252) 600 555,,,https://doscarshymkent.kia.com.kz,,09:00-20:00,,,Kia Kazakhstan,https://kia.com.kz/dealers/,2026-05-06,true,verified,published,
Kia Mercury Шымкент,,kia-mercury-shymkent,Официальный дилер Kia в Шымкенте,Официальный дилерский центр Kia Mercury в Шымкенте данные с официального сайта Kia Kazakhstan,official_dealer,Kia,Kia,true,Kazakhstan,Шымкент,,г Шымкент,+7 (7252) 600 990,,,https://mercury.kia.com.kz,,09:00-20:00,,,Kia Kazakhstan,https://kia.com.kz/dealers/,2026-05-06,true,verified,published,
Kia Doscar Тараз,,kia-doscar-taraz,Официальный дилер Kia в Таразе,Официальный дилерский центр Kia Doscar в Таразе данные с официального сайта Kia Kazakhstan,official_dealer,Kia,Kia,true,Kazakhstan,Тараз,,г Тараз,+7 (7262) 934 777,,,https://doscartaraz.kia.com.kz,,09:00-20:00,,,Kia Kazakhstan,https://kia.com.kz/dealers/,2026-05-06,true,verified,published,
Kia Bahus Караганда,,kia-bahus-karaganda,Официальный дилер Kia в Караганде,Официальный дилерский центр Kia Bahus в Караганде данные с официального сайта Kia Kazakhstan,official_dealer,Kia,Kia,true,Kazakhstan,Караганда,,г Караганда,+7 (7212) 956 655,,,https://allurkrg.kia.com.kz,,09:00-20:00,,,Kia Kazakhstan,https://kia.com.kz/dealers/,2026-05-06,true,verified,published,
Kia Алтын Кар Уральск,,kia-altyncar-uralsk,Официальный дилер Kia в Уральске,Официальный дилерский центр Kia Алтын Кар в Уральске данные с официального сайта Kia Kazakhstan,official_dealer,Kia,Kia,true,Kazakhstan,Уральск,,г Уральск,+7 (7112) 91 40 55,,,https://altyncar.kia.com.kz,,09:00-20:00,,,Kia Kazakhstan,https://kia.com.kz/dealers/,2026-05-06,true,verified,published,
Kia Doscar Актау,,kia-doscar-aktau,Официальный дилер Kia в Актау,Официальный дилерский центр Kia Doscar в Актау данные с официального сайта Kia Kazakhstan,official_dealer,Kia,Kia,true,Kazakhstan,Актау,,г Актау,+7 (7292) 78 00 10,,,https://doscaraktau.kia.com.kz,,09:00-20:00,,,Kia Kazakhstan,https://kia.com.kz/dealers/,2026-05-06,true,verified,published,
Kia Caspi Атырау,,kia-caspi-atyrau,Официальный дилер Kia в Атырау,Официальный дилерский центр Kia Caspi в Атырау данные с официального сайта Kia Kazakhstan,official_dealer,Kia,Kia,true,Kazakhstan,Атырау,,г Атырау,+7 (7122) 716 000,,,https://caspi.kia.com.kz,,09:00-20:00,,,Kia Kazakhstan,https://kia.com.kz/dealers/,2026-05-06,true,verified,published,
Kia Sever Павлодар,,kia-sever-pavlodar,Официальный дилер Kia в Павлодаре,Официальный дилерский центр Kia Sever в Павлодаре данные с официального сайта Kia Kazakhstan,official_dealer,Kia,Kia,true,Kazakhstan,Павлодар,,г Павлодар,+7 (775) 095 44 60,,,https://sever.kia.com.kz,,09:00-20:00,,,Kia Kazakhstan,https://kia.com.kz/dealers/,2026-05-06,true,verified,published,
Kia Allur Костанай,,kia-allur-kostanay,Официальный дилер Kia в Костанае,Официальный дилерский центр Kia Allur в Костанае данные с официального сайта Kia Kazakhstan,official_dealer,Kia,Kia,true,Kazakhstan,Костанай,,г Костанай,+7 (7142) 909 101,,,https://allurkst.kia.com.kz,,09:00-20:00,,,Kia Kazakhstan,https://kia.com.kz/dealers/,2026-05-06,true,verified,published,
Kia Tarlan Костанай,,kia-tarlan-kostanay,Официальный дилер Kia в Костанае,Официальный дилерский центр Kia Tarlan в Костанае данные с официального сайта Kia Kazakhstan,official_dealer,Kia,Kia,true,Kazakhstan,Костанай,,г Костанай,+7 (7142) 390 549,,,https://tarlan.kia.kz,,09:00-20:00,,,Kia Kazakhstan,https://kia.com.kz/dealers/,2026-05-06,true,verified,published,
Kia Kamkor Павлодар,,kia-kamkor-pavlodar,Официальный дилер Kia в Павлодаре,Официальный дилерский центр Kia Kamkor в Павлодаре данные с официального сайта Kia Kazakhstan,official_dealer,Kia,Kia,true,Kazakhstan,Павлодар,,г Павлодар,+7 (7182) 90 10 10,,,https://kamkor.kia.com.kz,,09:00-20:00,,,Kia Kazakhstan,https://kia.com.kz/dealers/,2026-05-06,true,verified,published,
Kia Doscar Эртис Павлодар,,kia-doscar-ertis-pavlodar,Официальный дилер Kia в Павлодаре,Официальный дилерский центр Kia Doscar Эртис в Павлодаре данные с официального сайта Kia Kazakhstan,official_dealer,Kia,Kia,true,Kazakhstan,Павлодар,,г Павлодар,+7 (7182) 660 660,,,https://doscarertis.kia.com.kz,,09:00-20:00,,,Kia Kazakhstan,https://kia.com.kz/dealers/,2026-05-06,true,verified,published,
Kia Vivaga Петропавловск,,kia-vivaga-petropavlovsk,Официальный дилер Kia в Петропавловске,Официальный дилерский центр Kia Vivaga в Петропавловске данные с официального сайта Kia Kazakhstan,official_dealer,Kia,Kia,true,Kazakhstan,Петропавловск,,г Петропавловск,+7 (7152) 627 001,,,https://vivaga.kia.com.kz,,09:00-20:00,,,Kia Kazakhstan,https://kia.com.kz/dealers/,2026-05-06,true,verified,published,
Kia Ilbers Семей,,kia-ilbers-semey,Официальный дилер Kia в Семее,Официальный дилерский центр Kia Ilbers в Семее данные с официального сайта Kia Kazakhstan,official_dealer,Kia,Kia,true,Kazakhstan,Семей,,г Семей,+7 (7222) 36 08 31,,,https://ilbers.kia.com.kz,,09:00-20:00,,,Kia Kazakhstan,https://kia.com.kz/dealers/,2026-05-06,true,verified,published,
Kia Doscar Восток,,kia-doscar-vostok,Официальный дилер Kia на Востоке Казахстана,Официальный дилерский центр Kia Doscar Восток данные с официального сайта Kia Kazakhstan,official_dealer,Kia,Kia,true,Kazakhstan,Усть-Каменогорск,,г Усть-Каменогорск,+7 (7232) 912 032,,,https://doscarvostok.kia.com.kz,,09:00-20:00,,,Kia Kazakhstan,https://kia.com.kz/dealers/,2026-05-06,true,verified,published,
Kia Germes Кызылорда,,kia-germes-kyzylorda,Официальный дилер Kia в Кызылорде,Официальный дилерский центр Kia Germes в Кызылорде данные с официального сайта Kia Kazakhstan,official_dealer,Kia,Kia,true,Kazakhstan,Кызылорда,,г Кызылорда,+7 (777) 888 68 68,,,https://germes.kia.com.kz,,09:00-20:00,,,Kia Kazakhstan,https://kia.com.kz/dealers/,2026-05-06,true,verified,published,
Kia Жетысу Талдыкорган,,kia-zhetisu-taldykorgan,Официальный дилер Kia в Талдыкоргане,Официальный дилерский центр Kia Жетысу в Талдыкоргане данные с официального сайта Kia Kazakhstan,official_dealer,Kia,Kia,true,Kazakhstan,Талдыкорган,,г Талдыкорган,+7 (7282) 401 401,,,https://jetisu.kia.com.kz,,09:00-20:00,,,Kia Kazakhstan,https://kia.com.kz/dealers/,2026-05-06,true,verified,published,
Kia Bahus Жезказган,,kia-bahus-zhezkazgan,Официальный дилер Kia в Жезказгане,Официальный дилерский центр Kia Bahus в Жезказгане данные с официального сайта Kia Kazakhstan,official_dealer,Kia,Kia,true,Kazakhstan,Жезказган,,г Жезказган,+7 (7212) 95 63 33,,,https://bahuszhezkazgan.kia.com.kz,,09:00-20:00,,,Kia Kazakhstan,https://kia.com.kz/dealers/,2026-05-06,true,verified,published,
Kia Kolauto Актобе,,kia-kolauto-aktobe,Официальный дилер Kia в Актобе,Официальный дилерский центр Kia Kolauto в Актобе данные с официального сайта Kia Kazakhstan,official_dealer,Kia,Kia,true,Kazakhstan,Актобе,,г Актобе,+7 (7132) 923 030,,,https://kolauto.kia.com.kz,,09:00-20:00,,,Kia Kazakhstan,https://kia.com.kz/dealers/,2026-05-06,true,verified,published,
Kia Alemauto Актобе,,kia-alemauto-aktobe,Официальный дилер Kia в Актобе,Официальный дилерский центр Kia Alemauto в Актобе данные с официального сайта Kia Kazakhstan,official_dealer,Kia,Kia,true,Kazakhstan,Актобе,,г Актобе,+7 (700) 020 26 00,,,https://alemauto.kia.com.kz,,09:00-20:00,,,Kia Kazakhstan,https://kia.com.kz/dealers/,2026-05-06,true,verified,published,
JAC Trade Алматы,,jac-trade-almaty,Официальный дилер JAC в Алматы,Официальный дилерский центр JAC Trade в Алматы данные с официального сайта JAC Kazakhstan,official_dealer,JAC,JAC,true,Kazakhstan,Алматы,,г Алматы проспект Рыскулова 149/1,+7 (727) 245-14-72,,kamazkz@inbox.ru,https://jactrade.kz/,,09:00-20:00,,,JAC Trade,https://jactrade.kz/kontakty/,2026-05-06,true,verified,published,
JAC Trade Астана,,jac-trade-astana,Официальный дилер JAC в Астане,Официальный дилерский центр JAC Trade в Астане данные с официального сайта JAC Kazakhstan,official_dealer,JAC,JAC,true,Kazakhstan,Астана,,г Астана пр Абылай хана 6 оф 46,+7 (7172) 35-36-16,,kamazkz1@mail.ru,https://jactrade.kz/,,09:00-20:00,,,JAC Trade,https://jactrade.kz/kontakty/,2026-05-06,true,verified,published,
